"analysis","N","deaths","term","HR","CI_low","CI_high","p"
"Primary complete-case Model 4",2623,220,"vcf_grade2",1.61422700207335,1.05283205358838,2.47497101303249,0.0280838718634488
"Primary complete-case Model 4",2623,220,"low_grip",1.73983018152762,1.20164164832757,2.5190613730536,0.00335927175142688
"Primary complete-case Model 4",2623,220,"age10",1.96405069620555,1.65041767763388,2.3372841854165,2.86236418088292e-14
"Primary complete-case Model 4",2623,220,"female",0.804324127786622,0.566567414228228,1.14185406059924,0.223222937260054
"Primary complete-case Model 4",2623,220,"race2",0.743100982416196,0.312711203891243,1.76584357450769,0.501349183632207
"Primary complete-case Model 4",2623,220,"race3",1.56084346214199,1.00336436015945,2.42806343343134,0.0482796899887179
"Primary complete-case Model 4",2623,220,"race4",1.36149212143527,0.879422055192441,2.10781704391607,0.166419998833949
"Primary complete-case Model 4",2623,220,"race5",0.719634391626863,0.224602548906757,2.30573366211956,0.579708243559554
"Primary complete-case Model 4",2623,220,"education2",0.713942667326449,0.253792388315967,2.0083901475982,0.523125945202083
"Primary complete-case Model 4",2623,220,"education3",1.02358392901047,0.592369284759901,1.7687008538148,0.933426708489002
"Primary complete-case Model 4",2623,220,"education4",1.01690797901031,0.535772937797842,1.93011211433195,0.959100187157408
"Primary complete-case Model 4",2623,220,"education5",1.20162800977133,0.584026404418605,2.47233663228707,0.617793229853995
"Primary complete-case Model 4",2623,220,"INDFMPIR",0.826242336172112,0.71823564869272,0.950490830308559,0.00757573285930697
"Primary complete-case Model 4",2623,220,"bmi",0.983576225497745,0.945093218042297,1.02362621262731,0.416077792970691
"Primary complete-case Model 4",2623,220,"smokingFormer",1.21677742677716,0.799784457590892,1.85118289341874,0.359426148393027
"Primary complete-case Model 4",2623,220,"smokingCurrent",2.43814274301129,1.23504942069943,4.81320013245473,0.0102173900471647
"Primary complete-case Model 4",2623,220,"alcoholFormer/light lifetime",1.6018186340257,0.992293161738052,2.58575090028616,0.0538135470065216
"Primary complete-case Model 4",2623,220,"alcoholPast-year drinker",1.33433891906419,0.827262744896926,2.15223078993027,0.23699240387998
"Primary complete-case Model 4",2623,220,"phys_active",0.69278905127358,0.461977215368302,1.03891848688233,0.0758447072090364
"Primary complete-case Model 4",2623,220,"diabetes",1.71840703783441,1.14654256159848,2.57550207605195,0.0087316794186038
"Primary complete-case Model 4",2623,220,"hypertension",1.77798754003939,1.36416330405933,2.31734696507993,2.06867736337911e-05
"Primary complete-case Model 4",2623,220,"cvd",1.20755238344248,0.712387533284208,2.04689539138226,0.483646820591051
"Primary complete-case Model 4",2623,220,"cancer",1.27782936740036,0.884565986870611,1.84593113055076,0.19141859825598
"Two-year landmark",2570,167,"vcf_grade2",1.5237260673363,0.991032634345185,2.34274941895753,0.0549897737088124
"Two-year landmark",2570,167,"low_grip",1.68942435056065,1.29728833026966,2.20009273934808,9.96113905394687e-05
"Two-year landmark",2570,167,"age10",2.09973986527227,1.7819658335794,2.47418183824408,7.9747620952594e-19
"Two-year landmark",2570,167,"female",0.806543979935228,0.539576303382123,1.2056000003934,0.294495535929397
"Two-year landmark",2570,167,"race2",0.802732968985087,0.293000622588573,2.19924522276679,0.669143627165689
"Two-year landmark",2570,167,"race3",1.62323987714507,1.07122588283137,2.45971250413552,0.0223440851566113
"Two-year landmark",2570,167,"race4",1.31061593172859,0.783980908340711,2.19101524313434,0.302197088247493
"Two-year landmark",2570,167,"race5",0.656033389591883,0.166272762562604,2.58839632917852,0.54720759143366
"Two-year landmark",2570,167,"education2",0.950766506067584,0.514222553866403,1.75790995992528,0.872091500277702
"Two-year landmark",2570,167,"education3",1.50796505840491,0.861791813075153,2.63864031065218,0.150167013264009
"Two-year landmark",2570,167,"education4",1.35237122566286,0.61570670400295,2.97042068912102,0.452098517435953
"Two-year landmark",2570,167,"education5",1.49472173205661,0.68950386145988,3.24029085428453,0.308584323186987
"Two-year landmark",2570,167,"INDFMPIR",0.785711264184294,0.674291605506312,0.915541859968035,0.00199533247459979
"Two-year landmark",2570,167,"bmi",0.988977913788487,0.940904572400747,1.0395074512879,0.662877098748605
"Two-year landmark",2570,167,"smokingFormer",1.24248082292744,0.834659094924076,1.84956781125457,0.284794940173038
"Two-year landmark",2570,167,"smokingCurrent",2.83989201162851,1.28220404769997,6.28994008572854,0.0100905836267596
"Two-year landmark",2570,167,"alcoholFormer/light lifetime",1.15002090157151,0.633915805218417,2.0863150329493,0.645535291090222
"Two-year landmark",2570,167,"alcoholPast-year drinker",1.04468514925051,0.640030207236478,1.70518055042569,0.86117542776737
"Two-year landmark",2570,167,"phys_active",0.861917102436239,0.52905756611606,1.40419708374251,0.550677578790365
"Two-year landmark",2570,167,"diabetes",1.79581927615746,1.13927241634029,2.83072496653463,0.0116825456545558
"Two-year landmark",2570,167,"hypertension",1.73310915120035,1.19498261145501,2.51356572152723,0.00374253581637585
"Two-year landmark",2570,167,"cvd",1.26699133963,0.681758690994246,2.35459712637673,0.454197071788113
"Two-year landmark",2570,167,"cancer",1.31528152189006,0.878376230683031,1.96950397949657,0.183373701688908
"Any-grade VCF",2623,220,"any_vcf",1.213189864139,0.820507362203136,1.79380431456168,0.332782191018652
"Any-grade VCF",2623,220,"low_grip",1.72725883375179,1.18577837181633,2.51600395966382,0.00440045330154957
"Any-grade VCF",2623,220,"age10",1.9831081411368,1.66613473793377,2.36038407333141,1.30553500871603e-14
"Any-grade VCF",2623,220,"female",0.811464416656572,0.575096752206562,1.14498038281962,0.234328224159882
"Any-grade VCF",2623,220,"race2",0.734547124595536,0.310608795016536,1.73710302769387,0.482362722466974
"Any-grade VCF",2623,220,"race3",1.556206545472,0.999700816714333,2.42250358475194,0.0501508885472721
"Any-grade VCF",2623,220,"race4",1.3596623480273,0.886183872264102,2.08611526174578,0.159501685446501
"Any-grade VCF",2623,220,"race5",0.718817686385995,0.226211904287018,2.28413649533548,0.575684047940254
"Any-grade VCF",2623,220,"education2",0.7239631222524,0.257883011520102,2.03240453604129,0.539652575958512
"Any-grade VCF",2623,220,"education3",1.052156058687,0.601569164722082,1.84024121705639,0.858529949610442
"Any-grade VCF",2623,220,"education4",1.04243356338412,0.546387764302751,1.98882150199027,0.899658955725905
"Any-grade VCF",2623,220,"education5",1.23915312910806,0.602702945733812,2.54769034770316,0.559821630057552
"Any-grade VCF",2623,220,"INDFMPIR",0.82132699533085,0.715701487273799,0.942541052735211,0.00506995633783366
"Any-grade VCF",2623,220,"bmi",0.981923982445689,0.944081402650264,1.02128344504545,0.362973511025326
"Any-grade VCF",2623,220,"smokingFormer",1.23688533146914,0.811183289261113,1.88599215917903,0.323276210238238
"Any-grade VCF",2623,220,"smokingCurrent",2.42625018278348,1.24044287841492,4.74563565311377,0.00961153290985948
"Any-grade VCF",2623,220,"alcoholFormer/light lifetime",1.5935582524999,0.986399804673012,2.57444080187379,0.0569042612519736
"Any-grade VCF",2623,220,"alcoholPast-year drinker",1.34900234106294,0.832215129023289,2.18670299629024,0.224464783656134
"Any-grade VCF",2623,220,"phys_active",0.687127322525067,0.462990348702535,1.01977062520544,0.0624891546206603
"Any-grade VCF",2623,220,"diabetes",1.71355807775932,1.13901202386101,2.57791948139481,0.00974763157587952
"Any-grade VCF",2623,220,"hypertension",1.80488825350533,1.39354073023205,2.33765797939689,7.65293316155795e-06
"Any-grade VCF",2623,220,"cvd",1.19980904339014,0.708810873478272,2.03092502452261,0.497546087146068
"Any-grade VCF",2623,220,"cancer",1.26807460855361,0.879889876831313,1.82751643722645,0.202754939518075
"Grip per 5-kg lower",2623,220,"vcf_grade2",1.5606357863647,1.02197391013465,2.38321549457293,0.0393383434613219
"Grip per 5-kg lower",2623,220,"grip_lower5",1.34246178860488,1.17536018391801,1.53332032046266,1.40969375579143e-05
"Grip per 5-kg lower",2623,220,"age10",1.64802959048123,1.36530363264136,1.98930220807168,1.96352050499843e-07
"Grip per 5-kg lower",2623,220,"female",0.334809710406155,0.190684575939899,0.587868953897903,0.000139156400219323
"Grip per 5-kg lower",2623,220,"race2",0.730041717689583,0.307912372481157,1.73088500885028,0.474987591735732
"Grip per 5-kg lower",2623,220,"race3",1.7348032177211,1.09770067909098,2.74167836600748,0.0183141322611535
"Grip per 5-kg lower",2623,220,"race4",1.63814989181115,1.0767951919027,2.49214993549427,0.0211313126412639
"Grip per 5-kg lower",2623,220,"race5",0.742653578981651,0.226883863736815,2.43091037542465,0.622873891505467
"Grip per 5-kg lower",2623,220,"education2",0.692915579031007,0.23491395575337,2.04386324398689,0.506229538284492
"Grip per 5-kg lower",2623,220,"education3",0.989102674019784,0.584415023393341,1.67402284436933,0.967443872522835
"Grip per 5-kg lower",2623,220,"education4",1.03853125945903,0.532619164885082,2.0249875482912,0.911638073102225
"Grip per 5-kg lower",2623,220,"education5",1.12003418889356,0.504362700622052,2.48725090642755,0.780636735710092
"Grip per 5-kg lower",2623,220,"INDFMPIR",0.854612151862419,0.736972268468808,0.991030410992768,0.0375949431054591
"Grip per 5-kg lower",2623,220,"bmi",0.992703461069242,0.954210464322373,1.0327492712194,0.716646062058294
"Grip per 5-kg lower",2623,220,"smokingFormer",1.24386402954905,0.811848016498011,1.90577262315674,0.316119149653982
"Grip per 5-kg lower",2623,220,"smokingCurrent",2.38650506157838,1.25276014536858,4.54628639807471,0.00816103445726758
"Grip per 5-kg lower",2623,220,"alcoholFormer/light lifetime",1.64431538636573,0.999002109230224,2.70647385511773,0.050456538692426
"Grip per 5-kg lower",2623,220,"alcoholPast-year drinker",1.36159273125398,0.890544675105308,2.08179872119772,0.154196940029632
"Grip per 5-kg lower",2623,220,"phys_active",0.748836109939071,0.499342988883603,1.12298666854696,0.1618215864627
"Grip per 5-kg lower",2623,220,"diabetes",1.57128466428644,1.0620739516304,2.32463614462219,0.0237362627601223
"Grip per 5-kg lower",2623,220,"hypertension",1.77149366888261,1.32742985993841,2.36410970824234,0.000102847807513892
"Grip per 5-kg lower",2623,220,"cvd",1.1365502569739,0.633140459824507,2.04022103876519,0.668067171062477
"Grip per 5-kg lower",2623,220,"cancer",1.2711692431556,0.867468532831871,1.86274335447042,0.21842519596396
"Sex interactions",2623,220,"vcf_grade2",2.72822900331523,1.66231638114499,4.47762747149467,7.17145506247887e-05
"Sex interactions",2623,220,"female",0.926215534291414,0.652635094307608,1.31447913764562,0.66783468305739
"Sex interactions",2623,220,"low_grip",1.98352572367111,1.1270548723433,3.49084538207526,0.0175619655184029
"Sex interactions",2623,220,"age10",1.98166728256004,1.66520479018159,2.3582716323682,1.31296159627281e-14
"Sex interactions",2623,220,"race2",0.760833740036855,0.313841614173988,1.8444589685852,0.545176187078679
"Sex interactions",2623,220,"race3",1.57655243423009,1.01059168068375,2.45946768154192,0.0448096961789365
"Sex interactions",2623,220,"race4",1.38578518429265,0.908878590929416,2.11293411041977,0.129508462022459
"Sex interactions",2623,220,"race5",0.718372857642046,0.214774210299969,2.40280041945462,0.591308890309686
"Sex interactions",2623,220,"education2",0.697887365067009,0.24788006000065,1.96484854134252,0.495813145119931
"Sex interactions",2623,220,"education3",1.02091268200606,0.579460860111076,1.79867662516672,0.942898898343007
"Sex interactions",2623,220,"education4",0.978242108432807,0.518430213782864,1.84587548578307,0.9458614507141
"Sex interactions",2623,220,"education5",1.17366385787654,0.569660049391236,2.41808575615877,0.664147401569754
"Sex interactions",2623,220,"INDFMPIR",0.830545706468137,0.724491952892077,0.952123992239031,0.00772468843846357
"Sex interactions",2623,220,"bmi",0.983302219756479,0.944080803305327,1.02415307248369,0.417472778570052
"Sex interactions",2623,220,"smokingFormer",1.21608199236602,0.81449030803354,1.81568202539741,0.338754096829802
"Sex interactions",2623,220,"smokingCurrent",2.44885117508431,1.22005518092459,4.91524659824581,0.0117512125355515
"Sex interactions",2623,220,"alcoholFormer/light lifetime",1.62536928096646,0.999242375229412,2.64382832934091,0.0503537589861667
"Sex interactions",2623,220,"alcoholPast-year drinker",1.37602471736575,0.864519180598197,2.19017005671446,0.178278289100891
"Sex interactions",2623,220,"phys_active",0.692800114210382,0.458750369249835,1.04625964450946,0.0809864170198494
"Sex interactions",2623,220,"diabetes",1.71436960257652,1.17179604087792,2.50816953779465,0.00549257892911695
"Sex interactions",2623,220,"hypertension",1.82128859846361,1.40830333005986,2.35538188974711,4.8870296333064e-06
"Sex interactions",2623,220,"cvd",1.22306861821685,0.731555366574314,2.04481699296632,0.442531819918339
"Sex interactions",2623,220,"cancer",1.24163648592876,0.872496082608094,1.76695482526538,0.229248465063426
"Sex interactions",2623,220,"vcf_grade2:female",0.316666422206859,0.13230166053062,0.757946820554717,0.0098119074967294
"Sex interactions",2623,220,"female:low_grip",0.802822959318444,0.29707637360945,2.16955894599732,0.665020238305909
"Age >=65 interactions",2623,220,"vcf_grade2",1.99676546718838,0.643295047634995,6.1978906034083,0.231451933232673
"Age >=65 interactions",2623,220,"older65",1.10653526113829,0.594626381637995,2.05914221425818,0.749358582223757
"Age >=65 interactions",2623,220,"low_grip",1.04966620476495,0.124033328502101,8.88308936583118,0.964517831280451
"Age >=65 interactions",2623,220,"age10",1.9020220266411,1.33958401765839,2.70060536863652,0.000324886376008804
"Age >=65 interactions",2623,220,"female",0.810480125088264,0.562788554977957,1.16718442006841,0.258805654649839
"Age >=65 interactions",2623,220,"race2",0.73843825854979,0.310739062374885,1.75481980772727,0.492337079561852
"Age >=65 interactions",2623,220,"race3",1.55754625630937,1.00060299351471,2.42448838976783,0.0496845279035249
"Age >=65 interactions",2623,220,"race4",1.35955745083248,0.880420776878037,2.09944666307002,0.16589107081346
"Age >=65 interactions",2623,220,"race5",0.711688625829757,0.223704080679605,2.26415494342668,0.564608905927213
"Age >=65 interactions",2623,220,"education2",0.721945363110612,0.259483804371419,2.00862288334139,0.532583831026555
"Age >=65 interactions",2623,220,"education3",1.03287940427704,0.59203684736902,1.80198220519663,0.909292400702615
"Age >=65 interactions",2623,220,"education4",1.01423610619446,0.529543163250987,1.94257040879013,0.96599428240242
"Age >=65 interactions",2623,220,"education5",1.20147250395477,0.579191618489413,2.49232919068169,0.621986775703332
"Age >=65 interactions",2623,220,"INDFMPIR",0.828466062895467,0.71853610728069,0.955214373244288,0.00957422490755201
"Age >=65 interactions",2623,220,"bmi",0.983714763936283,0.94510828475709,1.02389826900622,0.421505174057582
"Age >=65 interactions",2623,220,"smokingFormer",1.20471576625719,0.788003898467952,1.84179301687513,0.389826574067915
"Age >=65 interactions",2623,220,"smokingCurrent",2.43798231022115,1.2357928233242,4.80967168021169,0.0101488066447305
"Age >=65 interactions",2623,220,"alcoholFormer/light lifetime",1.5867542297631,0.989807703968704,2.54371528487384,0.055180400424759
"Age >=65 interactions",2623,220,"alcoholPast-year drinker",1.33601762442623,0.831589711391553,2.14642277114112,0.231068314300725
"Age >=65 interactions",2623,220,"phys_active",0.691658870428449,0.461332615193625,1.0369784777553,0.07438136465425
"Age >=65 interactions",2623,220,"diabetes",1.72486813857186,1.14751484721926,2.59270727753108,0.00874822709555273
"Age >=65 interactions",2623,220,"hypertension",1.77383657673765,1.34855702738248,2.33323184491471,4.16324672720545e-05
"Age >=65 interactions",2623,220,"cvd",1.20480456663216,0.713607532968407,2.0341069519539,0.4856407751629
"Age >=65 interactions",2623,220,"cancer",1.27781743521179,0.883658507278589,1.84779231375234,0.192662877959466
"Age >=65 interactions",2623,220,"vcf_grade2:older65",0.766308487599945,0.240553259673463,2.44115876444511,0.652520873464512
"Age >=65 interactions",2623,220,"older65:low_grip",1.68613618116536,0.219806774197323,12.9343384971505,0.615258890434001
"VCF x low-grip interaction",2623,220,"vcf_grade2",1.51753922946697,0.913703035363953,2.52043084441969,0.107105751061849
"VCF x low-grip interaction",2623,220,"low_grip",1.59926160556984,1.07773816788519,2.37315310829958,0.0197120889978298
"VCF x low-grip interaction",2623,220,"age10",1.96853339801508,1.64891506211466,2.35010512556731,6.74857675128029e-14
"VCF x low-grip interaction",2623,220,"female",0.79753594529729,0.560379152799041,1.13505932700059,0.208963435005465
"VCF x low-grip interaction",2623,220,"race2",0.741783772452001,0.312840855120176,1.75885967599005,0.497707916446382
"VCF x low-grip interaction",2623,220,"race3",1.56392237927752,1.00947445438442,2.4228975758446,0.0452610797852728
"VCF x low-grip interaction",2623,220,"race4",1.35530907763615,0.871436108349591,2.10785699413095,0.177247911156739
"VCF x low-grip interaction",2623,220,"race5",0.720326041097817,0.225784040439236,2.29807919317174,0.579418765275517
"VCF x low-grip interaction",2623,220,"education2",0.713630966156094,0.25677483629721,1.98332968759998,0.51766906192137
"VCF x low-grip interaction",2623,220,"education3",1.01159456984054,0.590996492326957,1.73152224593025,0.966467918166817
"VCF x low-grip interaction",2623,220,"education4",1.01910343279056,0.53935280774581,1.9255889499605,0.953518700275395
"VCF x low-grip interaction",2623,220,"education5",1.18660309250926,0.578466668053731,2.43406746993717,0.640678599311603
"VCF x low-grip interaction",2623,220,"INDFMPIR",0.827074116934674,0.718347414572842,0.952257335414837,0.00828309634432825
"VCF x low-grip interaction",2623,220,"bmi",0.984111993096959,0.945964124923683,1.0237982492575,0.427200017852636
"VCF x low-grip interaction",2623,220,"smokingFormer",1.21202186312955,0.796513200601151,1.84428455874344,0.36930429420255
"VCF x low-grip interaction",2623,220,"smokingCurrent",2.45943180468237,1.23774861959035,4.88694126266537,0.0102037490729049
"VCF x low-grip interaction",2623,220,"alcoholFormer/light lifetime",1.6083946567472,0.996787905029473,2.59526962436053,0.0515562725665062
"VCF x low-grip interaction",2623,220,"alcoholPast-year drinker",1.32129241116713,0.817941016524972,2.13440040361949,0.254842413154414
"VCF x low-grip interaction",2623,220,"phys_active",0.689926723589135,0.460642318761936,1.03333728694701,0.0717205761576883
"VCF x low-grip interaction",2623,220,"diabetes",1.72512022358621,1.14499864313113,2.59916446511047,0.00912159110774992
"VCF x low-grip interaction",2623,220,"hypertension",1.78397278736673,1.36880877224318,2.32505735687938,1.84525129788932e-05
"VCF x low-grip interaction",2623,220,"cvd",1.21127375791652,0.715613484156972,2.05024660532442,0.475334384468126
"VCF x low-grip interaction",2623,220,"cancer",1.28359631953963,0.892496564573869,1.84607938779279,0.178115620464024
"VCF x low-grip interaction",2623,220,"vcf_grade2:low_grip",1.75357526409647,0.500252782523654,6.14694473329714,0.380128442580352
"Men",1281,117,"vcf_grade2",2.51302681241771,1.45573962204712,4.33820970748154,0.000939433487797963
"Men",1281,117,"low_grip",2.00949102689238,1.10619002798892,3.65041637059619,0.0219427993274134
"Men",1281,117,"age10",2.02004729543564,1.60264699844481,2.54615712615229,2.61814473620504e-09
"Men",1281,117,"race2",0.697619031051128,0.166934711124304,2.91534522213492,0.621648847913185
"Men",1281,117,"race3",1.76702721522127,0.804255815574148,3.88232838217476,0.156314788629983
"Men",1281,117,"race4",1.07259966960874,0.390647063350575,2.94503698908474,0.89181949600398
"Men",1281,117,"race5",0.915036725742054,0.165937456824321,5.04583007044145,0.918812240085542
"Men",1281,117,"education2",1.23193825870556,0.282087292469916,5.38014974008211,0.781519340139889
"Men",1281,117,"education3",1.30621438756303,0.612575314320952,2.78528368086137,0.489279778150649
"Men",1281,117,"education4",1.22590914787897,0.532657395256378,2.82142565228066,0.6319871793376
"Men",1281,117,"education5",2.80963443635128,0.991160570848852,7.96444682940764,0.0519801562323675
"Men",1281,117,"INDFMPIR",0.697182286969406,0.568046065085718,0.855675571294635,0.000557802649066112
"Men",1281,117,"bmi",1.01014574965073,0.938404452294725,1.08737169036465,0.78825828019042
"Men",1281,117,"smokingFormer",1.12088359663472,0.554383621195503,2.26626471123995,0.750708063243855
"Men",1281,117,"smokingCurrent",4.7319129396903,1.4417980608494,15.5299141237694,0.0103641875576706
"Men",1281,117,"alcoholFormer/light lifetime",1.45293172127949,0.699756270535802,3.01677980689447,0.316240707736161
"Men",1281,117,"alcoholPast-year drinker",1.09054482623236,0.539825260874058,2.20309812122635,0.809092655475209
"Men",1281,117,"phys_active",0.843783268729194,0.543120294366631,1.31088860418593,0.449842719637054
"Men",1281,117,"diabetes",1.40649458390007,0.759674795235316,2.60404455557521,0.27775301330042
"Men",1281,117,"hypertension",2.483591382777,1.32805208433095,4.64456645140664,0.00439514890209439
"Men",1281,117,"cvd",1.01679135722621,0.532048385347038,1.94317789998662,0.95980967035589
"Men",1281,117,"cancer",1.83864343806824,1.10355852533345,3.06337146127334,0.0193695858549056
"Women",1342,103,"vcf_grade2",0.79705950369952,0.332727096138858,1.90938417643206,0.61082200470474
"Women",1342,103,"low_grip",1.81187534625193,1.00610177056355,3.26298230100193,0.0476734437698119
"Women",1342,103,"age10",2.05552473782658,1.53601660867926,2.75073975368666,1.25077518101907e-06
"Women",1342,103,"race2",0.898124162533092,0.358407232082562,2.25058798796771,0.818676166947034
"Women",1342,103,"race3",1.76272572722906,0.687202347102388,4.52152412246095,0.238210306256639
"Women",1342,103,"race4",1.98419556979102,0.882728925770077,4.46006916080576,0.0972874763577183
"Women",1342,103,"race5",0.490909495065602,0.146394664777788,1.64618111398639,0.249095434027335
"Women",1342,103,"education2",0.332536566096905,0.112248694408105,0.985139010966858,0.04692002452602
"Women",1342,103,"education3",0.643685511606032,0.32531588523141,1.27362682445337,0.205758408391809
"Women",1342,103,"education4",0.615275169795545,0.273701086565449,1.38312762772468,0.239918098594219
"Women",1342,103,"education5",0.386333315346337,0.111028611243686,1.34427900047232,0.134928457141058
"Women",1342,103,"INDFMPIR",0.94164500872504,0.756595852485191,1.17195371814986,0.59015165095372
"Women",1342,103,"bmi",0.965034008825976,0.913729657219017,1.01921901169889,0.201605617920608
"Women",1342,103,"smokingFormer",1.45219037035953,0.763521678767871,2.76201309066705,0.255368707556885
"Women",1342,103,"smokingCurrent",1.54428138348501,0.70955808298667,3.36097220024645,0.273412650907143
"Women",1342,103,"alcoholFormer/light lifetime",2.10783006323964,1.06497784684182,4.17186854043238,0.0322952790069218
"Women",1342,103,"alcoholPast-year drinker",2.09490019879904,1.20567926946762,3.63994550960976,0.00870104317798774
"Women",1342,103,"phys_active",0.530355918637753,0.296516938923787,0.948604829980357,0.0325281351194288
"Women",1342,103,"diabetes",2.16562147311381,1.24115804451248,3.77866169868301,0.00651457188636878
"Women",1342,103,"hypertension",1.21970372447822,0.791631477389545,1.87925470120486,0.367835823743535
"Women",1342,103,"cvd",1.50016254446866,0.608861856614728,3.69622047329321,0.378021739264159
"Women",1342,103,"cancer",1.0183023981241,0.605953478397319,1.71125310934411,0.945401762404574
"Exclude top influence observations",2613,214,"vcf_grade2",1.34763832707328,0.789049898717234,2.30166566594756,0.274629422703958
"Exclude top influence observations",2613,214,"low_grip",1.65939019684209,0.960609691421481,2.86648765879195,0.0693846706422377
"Exclude top influence observations",2613,214,"age10",1.9541042336375,1.63062704365051,2.34175151871112,3.99225771750931e-13
"Exclude top influence observations",2613,214,"female",0.902125907325285,0.655751417467405,1.24106655508361,0.526789249114925
"Exclude top influence observations",2613,214,"race2",0.727493047603552,0.312130435052245,1.69559285118389,0.461166504343261
"Exclude top influence observations",2613,214,"race3",1.54406159948952,0.988852312303628,2.41100333523423,0.0560439449570451
"Exclude top influence observations",2613,214,"race4",1.33488016161899,0.865909690462381,2.05784167276432,0.190868750489312
"Exclude top influence observations",2613,214,"race5",0.58973329495045,0.163056073918585,2.13291876110526,0.420748982880792
"Exclude top influence observations",2613,214,"education2",0.744763890000813,0.273257732874227,2.02985381608375,0.564573988265366
"Exclude top influence observations",2613,214,"education3",1.02027943932312,0.591005175667566,1.76135536060184,0.942547207197563
"Exclude top influence observations",2613,214,"education4",1.02191783504381,0.544634075274914,1.91746368615203,0.946163813730533
"Exclude top influence observations",2613,214,"education5",1.23530396636504,0.616687631463215,2.47447137166755,0.551045937658128
"Exclude top influence observations",2613,214,"INDFMPIR",0.814466110759297,0.705732223303231,0.939952893847605,0.00500036105116093
"Exclude top influence observations",2613,214,"bmi",0.975999429729679,0.939744059649646,1.0136535336949,0.208449696010539
"Exclude top influence observations",2613,214,"smokingFormer",1.21540971487942,0.787500598256174,1.87583447973805,0.378280967023143
"Exclude top influence observations",2613,214,"smokingCurrent",2.46539528236588,1.2273700559705,4.95219340633651,0.0112216328938364
"Exclude top influence observations",2613,214,"alcoholFormer/light lifetime",1.73437911303036,1.02016241600971,2.94861961243568,0.0419792784314888
"Exclude top influence observations",2613,214,"alcoholPast-year drinker",1.57403043719331,0.94721913034282,2.61562687856005,0.0799923887912856
"Exclude top influence observations",2613,214,"phys_active",0.639259938003068,0.427739181353977,0.955379554059378,0.02906029754602
"Exclude top influence observations",2613,214,"diabetes",1.83908337542209,1.22991899411321,2.74995969485987,0.00299547665432539
"Exclude top influence observations",2613,214,"hypertension",1.87945035760723,1.43952666955216,2.45381605038889,3.5226141134837e-06
"Exclude top influence observations",2613,214,"cvd",1.27125553054539,0.764783068484979,2.11313598657943,0.354603288788826
"Exclude top influence observations",2613,214,"cancer",1.24974191394906,0.875542526329176,1.7838709194736,0.21947382785691

